"","V1","V2"
"1",1.2873122324157,1.26744060156942
"2",1.53212874903313,-0.73659108790362
"3",0.4516357373175,-1.52291708966851
"4",-0.0919847997782111,0.109211511688337
"5",0.812493917140851,0.613101342520959
"6",0.0145711242275019,-1.42994528963561
"7",-0.807736088514478,0.459868709484432
"8",0.155898394107479,-1.31088144630694
"9",-0.940568780916583,-0.431334164260222
"10",-0.549888590847406,-0.889780822153636
"11",1.5577086185909,-1.11258761515458
"12",-0.54045507087142,-0.686272305558877
"13",-0.897151855450787,-0.364662378416574
"14",1.05423149922601,0.649818549399564
"15",-0.240920632241842,-1.71299320405921
"16",1.06081671226607,-0.677466977357301
"17",-0.693780590326204,1.3929406162804
"18",-1.19476696969318,0.811389722387497
"19",-0.160691752731945,0.404696238322209
"20",1.1051689678216,1.10789314843875
"21",1.4084791922688,-0.879556063620045
"22",-1.52124129470212,-1.54328508716935
"23",-0.805125047774677,-1.66315646504986
"24",-0.299395364679089,-1.38855026463597
"25",1.60514201580611,-0.00681624709058571
"26",0.70049297702964,0.684820019332156
"27",0.139310407514488,-0.497516598541193
"28",-0.169985644023462,0.238513943998197
"29",-0.737064175616892,-1.75927326891049
"30",-0.592199523294356,-1.14622675898009
"31",-1.21272345152697,0.130567546966017
"32",-0.938339514186348,-0.563715240940835
"33",-0.37184012642911,1.2675937222767
"34",-0.519317011602607,0.722392658062172
"35",-0.480749819811818,-1.38227829747793
"36",1.61426966252275,0.80978388886568
"37",-0.162934872220221,0.513122985499775
"38",0.0429623600330891,-1.29920849122385
"39",1.58643072427558,-0.0471399552376892
"40",-0.596354689060617,-1.03636897558638
"41",-1.53347733601863,0.378469267924176
"42",1.35621132597667,0.516025423483613
"43",0.0654693179255759,-0.58808246563509
"44",-0.0840756825219433,1.50814587935611
"45",0.511165815266767,-0.602735099442947
"46",1.01808361996938,0.433733032158132
"47",0.193801014261168,1.29434377949269
"48",0.878780574519656,-0.787881142332847
"49",0.211634711924815,0.621269260828701
"50",-1.21717172742021,0.955217251505957
"51",-0.133992949108161,0.628842002379469
"52",1.45961729136921,1.68927483713805
"53",-1.09573113460159,1.51117435601343
"54",-1.08060581675167,0.440041678003792
"55",-0.383074980483186,1.66913810008089
"56",1.10193882374505,1.03481966908091
"57",0.172425680597391,-1.43370429426842
"58",-1.10147626018276,1.34372786937095
"59",1.5125363291163,-1.75216121013702
"60",-0.71929054756562,0.406510617505101
"61",-1.27667303892366,1.05371556150156
"62",0.2484056463585,0.643671334647352
"63",-0.800702394892463,-0.821759904476109
"64",-0.511235367001289,-0.584684925956357
"65",-1.16043819713751,-1.3173270874357
"66",-0.962904925841211,1.06317951359752
"67",-1.75181813859622,0.0637516049883007
"68",1.58536796127409,-0.9693264163374
"69",-0.0944529544348854,1.63526749194115
"70",0.950856174533843,1.01684072256318
"71",0.413166001844029,0.585549608142545
"72",0.834728983501179,-0.397776989498802
"73",-0.203440822105815,-0.12755291465989
"74",0.217370451475319,1.537844155368
"75",-0.153049010009205,-1.21363737254155
"76",1.0444170775969,-1.27006380401279
"77",0.530074151949907,-1.71948452119909
"78",-1.14239466659237,-1.59086806582607
"79",-1.63718960183001,-1.12463164822071
"80",0.458518009865193,0.428069368892183
"81",1.63480705436375,1.71308439971411
"82",-0.652710746444593,-0.913012854647901
"83",-0.631927755107713,0.0178571289549346
"84",-0.768770916889345,-0.35357544720307
"85",-0.666618828610908,-0.563471359354037
"86",0.0304869077042338,1.72894954506358
"87",0.329113276563212,-1.21327041372628
"88",1.33898711605163,-1.59385482106981
"89",-1.30656244772386,-1.6483683915977
"90",0.869066300886648,-1.41189875388752
"91",0.107200881068268,1.08418888459607
"92",1.6891535796366,1.62593074852279
"93",0.331771368799135,-0.82842084683207
"94",-0.744892235873216,-0.823035660103323
"95",0.890962125533586,1.43750879398229
"96",-1.59701346663296,1.61965747708445
"97",0.676943577777522,-1.6484181540263
"98",0.214905438613674,0.225760307117047
"99",1.03315734006706,-0.238992573100545
"100",1.39353621823363,-0.616244017787758
"101",1.42666165131758,0.223143991225682
"102",-0.459100098069468,-1.50337745181037
"103",1.47938585185935,0.36582830022924
"104",0.75255900758765,0.0939016491484709
"105",1.24861317788056,-0.420315853911232
"106",-0.312948815091694,-0.939426376430799
"107",0.31337775767571,-0.303271251837629
"108",-0.903105769381379,-1.43314713241092
"109",-1.45790858383757,0.414832526859092
"110",0.590930469144673,1.14997458841037
"111",-0.0364241863559635,-0.825591985650426
"112",-1.51862758360053,-1.04055357269794
"113",1.04890297386199,1.14589706100414
"114",-0.638489957286791,0.785113060792744
"115",1.15902092519982,-0.981995204585188
"116",0.570517734908493,1.36854473426337
"117",0.673622333123496,0.868510175085633
"118",0.270912665742277,-1.7033621223193
"119",-1.42482834767241,-0.798283705467521
"120",1.28668616990458,-0.767901083483251
"121",1.34527196873155,1.46877598247622
"122",-0.256538187876411,-0.795223715662123
"123",0.0455773624517992,-0.967309067230353
"124",0.268603534123262,-0.895189912500519
"125",1.20887136223107,0.843435778285412
"126",-1.07477283733319,0.522565368254535
"127",0.872475174729805,-0.288111899806906
"128",0.754697033540264,-0.189066120402211
"129",-1.14403962503785,0.9574666536137
"130",1.05438039505798,0.511708969609504
"131",0.830268004327096,0.646222976084184
"132",0.285317276965468,0.120831859161362
"133",-1.31574279985587,0.377505441618193
"134",1.08362436421143,-0.810602273573414
"135",0.344308248468071,-1.33750014047101
"136",0.384647315089246,1.1536266142199
"137",-0.377549928953059,0.915012127247496
"138",0.123756169872228,-1.04632749309123
"139",-1.06967144522042,1.51286572510594
"140",0.706772464389452,0.625844652416819
"141",-0.253219913661682,1.09157473415895
"142",-1.75650132597908,-1.06019981848233
"143",1.18443093613458,1.02800801152649
"144",0.403507865660306,-1.14875462452492
"145",-0.511898532537534,1.05367689814635
"146",-0.153168128478525,-0.391144377781467
"147",-0.445093403549566,1.08073787679339
"148",-1.73174764930809,0.420192663709543
"149",-0.827836647043923,-0.039699188350512
"150",0.900101367867945,1.27747724079799
"151",0.571656812701561,-1.50277485629388
"152",1.5121826582665,-0.133931768121628
"153",0.444649253429199,1.24885385715159
"154",-0.792741345371333,0.067651230361338
"155",1.38962467276357,0.46726560408272
"156",0.688117823555515,0.911741512956344
"157",0.991320448082032,-1.73067006026167
"158",-0.762298082053223,0.915983220842897
"159",-0.490092795911483,-0.726820337638166
"160",0.641537203961901,-1.58673079697778
"161",0.401552434406911,0.765158701914708
"162",-0.557791158051355,-0.763975985753173
"163",1.13295543923962,-1.53523602048387
"164",-0.431363070568735,0.140576215809162
"165",-0.501448164697127,0.505144543996579
"166",0.465310149298388,0.55141581785118
"167",0.439034729610979,-0.555755256682498
"168",-1.29006414904842,-0.0964299306067038
"169",1.23932593912685,1.02078831237388
"170",-1.06535209114806,-0.0054045777586148
"171",-0.0668371943191218,-0.974875783546463
"172",0.0120112335833429,-1.44366010578053
"173",0.234549589103926,0.930590511873827
"174",0.405039502215502,-1.28624436085811
"175",0.578124709377071,-0.628939311664248
"176",-0.691845952967782,0.709351400762767
"177",0.631991024561805,-1.64373704941363
"178",-0.677435477935079,0.804973577807704
"179",0.963634140237902,1.38855096714498
"180",1.19181343131602,-0.0998685759935546
"181",0.299197460942986,-0.0823962388039809
"182",-1.37891825617229,0.84233866321044
"183",1.31374903394669,-1.47083305275758
"184",0.981588858501472,1.42885385429502
"185",-0.826678218351514,1.07675613170493
"186",0.882146644685073,-0.415125348008162
"187",-0.885221730847479,0.212241980432588
"188",1.45561788222323,-0.712343436156776
"189",0.0586832111979724,-0.525622430987454
"190",-1.75980535881081,0.567569910824416
"191",1.20088070916267,-0.0329301864116968
"192",0.173156535746796,1.35708728673432
"193",0.550981240910912,-1.75294793761068
"194",-0.400432612571728,-0.383760163276828
"195",-0.364556715854365,0.451285899855289
"196",1.15393295294641,-0.586220627187762
"197",0.518193093297417,1.69974079009712
"198",-0.943318956770757,-1.52648784153888
"199",-0.365030741558376,0.258502611261597
"200",0.334124738072798,-0.488074555570694
"201",-1.81587321881202,-1.52991869399415
"202",-0.0555716454523343,-0.183954406785066
"203",-1.36639351898362,0.216371073170904
"204",0.95295808296176,-0.57467932090287
"205",-0.0397613031420306,-0.372936523109672
"206",1.66252071845343,1.25153488516032
"207",1.50197733896001,1.11373671314312
"208",1.31380285768367,-0.572749090843058
"209",1.66436199645428,0.41427622060292
"210",1.64323914685133,0.221115123841537
"211",-0.0212290840895659,-0.605635134374234
"212",-0.407742827610172,1.27448189597187
"213",0.597685608038233,-0.0908085315903905
"214",-0.258583374277836,0.95459887771836
"215",-1.72763151821337,-1.62350980283543
"216",0.970905232057346,-0.579410109343444
"217",-1.66816603727526,-0.894947078104252
"218",1.19162928375674,0.752123568100831
"219",0.882828856943742,1.40186941880772
"220",-0.882495993272126,-1.2803745345147
"221",-0.644463401671294,1.08861381971302
"222",0.54840384410614,-1.07243247848297
"223",0.884449827226652,1.08994625381139
"224",0.76444840363932,0.353535059560354
"225",-1.73791725091096,0.708684564733097
"226",0.944006798187079,-1.68707382356895
"227",-1.01879016818645,-0.356983511187594
"228",-0.558219509664162,-0.00194868443137606
"229",-0.861504311971886,0.997669626178088
"230",-0.300520865195096,-0.61576634334109
"231",1.60309648587334,-0.592812693226945
"232",-1.19286310503643,-0.18244012669979
"233",1.54861074513749,0.914341693598434
"234",-1.44033175005444,0.925281991937165
"235",-0.785400050174752,0.539533517181168
"236",1.42553816361649,-1.52409158303563
"237",0.349572521992038,0.676540158894644
"238",-1.79949011300188,-0.393261169051231
"239",0.509574709254198,-0.599411239729821
"240",0.0907028718118389,-1.28497827066032
"241",1.29194281194938,-0.416519857006772
"242",-1.60056046959296,1.16232888544547
"243",1.48347825223504,0.758727633846381
"244",-0.472629994857961,-0.316802905433969
"245",1.68481690059796,-0.295964956823677
"246",0.94210459297531,-1.22249682796667
"247",0.532701622342785,-1.08497395325224
"248",0.28036716818653,-1.45399445824808
"249",0.49936164450469,0.231465366749939
"250",-1.2236230288261,-0.734088136323382
"251",0.663992229589524,-0.445132983262251
"252",0.629734522928833,-0.921062193979543
"253",1.19650744280588,-1.20446029497599
"254",-0.682617060430529,1.63245613169589
"255",-0.617156601677686,0.559476093323513
"256",-0.160864033291949,0.0854082428993111
"257",1.64441113314359,1.37133218925299
"258",-0.65500474546683,0.731983360331655
"259",0.0496426222113955,1.60389003813231
"260",-0.680425779740354,-0.879602881797547
"261",1.19439873344117,1.45015779532343
"262",-0.210482461222513,-0.600484185090548
"263",1.30241770743595,0.358852700452865
"264",-0.303980055311989,0.310248474406171
"265",-1.29807996025369,-0.901196991216796
"266",-0.505906081604916,0.78742365026786
"267",-1.54077900622727,1.46911459427772
"268",-0.522116203394683,-0.164426593419233
"269",1.66052112087529,-1.32795605250848
"270",-1.61474201746849,-0.5889189334309
"271",1.35756279304917,-1.17517683086605
"272",-1.63682966870713,1.12718218353177
"273",0.525837353625221,0.1928487707599
"274",0.897002673314274,0.34736130970418
"275",-1.00641442029651,-1.13711322762156
"276",1.35872917379533,0.141540160834946
"277",-0.0292349263267302,-0.302700260351286
"278",-1.03114417439565,1.10190444263533
"279",0.575051668990015,0.106628728000456
"280",-1.52651748277864,0.0301377206429496
"281",-0.793857337693982,1.51657930017356
"282",0.132924924746744,-0.102771985842258
"283",0.465077461333852,-0.59805171541007
"284",0.0608128210425537,1.31762194404588
"285",-0.552151296541699,-0.879209256877154
"286",0.347098915107558,1.4848972915901
"287",-1.73454682798202,-0.176532449208367
"288",-1.78644092725056,-0.813538787415556
"289",1.29409048219608,0.412302261536738
"290",-1.23792470526789,1.66461538569721
"291",0.90429241421246,1.51874724821553
"292",-0.024984258026439,0.907223400807211
"293",-1.20862962209368,1.64742819136643
"294",0.807558090739107,0.957029858898145
"295",-1.04542031227445,0.759801934250371
"296",1.45991515108351,1.07447212645921
"297",-1.5778357234857,-1.73978205481283
"298",-1.68092450614065,-0.56082996001533
"299",-0.159627554933668,0.325681270073233
"300",0.446008116674177,0.0476998059093119
"301",-0.0742588127195724,-0.700424699151287
"302",-1.52211824086074,0.293670743327754
"303",-1.60433674488127,1.35612198830279
"304",0.943360145112181,1.52108947283356
"305",-0.317649279067682,0.00497182116913741
"306",0.197873285667708,-0.106878227884272
"307",0.814339743037589,1.55588526930554
"308",0.0492864884304183,-0.205290043544431
"309",0.416846995147063,-0.180887609831828
"310",0.656315862608969,-1.5574976381325
"311",-0.939964498620736,0.889094800200432
"312",0.666700128951295,-0.879377159427964
"313",0.870842686718143,-0.243930025698017
"314",-0.597832018967231,-0.391033197914704
"315",-1.53895934856434,-1.74901004597969
"316",-0.208699095719544,-0.842969031776578
"317",-1.1851357675148,-1.03284108402094
"318",1.55773092927106,-0.0555112078165629
"319",1.66917283729766,0.443613255181468
"320",0.290136884007293,0.787599948355589
"321",-0.302199532346433,0.265938554031014
"322",1.66352943634929,0.267084381887782
"323",-0.0821599057723035,0.675088258287308
"324",1.65224771937239,0.928937616184844
"325",0.366116052841269,-0.927639556775893
"326",0.421751400318976,-0.0758762168534068
"327",0.418385963103915,1.63497445544364
"328",1.67874831032892,-0.557528157622724
"329",-1.35663477074953,-1.43348287938077
"330",-0.951823621280009,-1.00960652156675
"331",-0.046310556894985,-1.07216599018953
"332",-0.646334093826239,-1.43860155325336
"333",1.33066616374332,-0.669683428737911
"334",-0.967537719061371,-0.482859352673705
"335",1.23033843516187,0.17908070264295
"336",-0.704921584073662,1.46371956772425
"337",0.944241402220244,-0.162159319478072
"338",0.12621396447619,-1.66141600900348
"339",1.22142074348941,-0.561641997732087
"340",0.455847838280061,0.618417553863299
"341",-0.446456057937608,1.15021345838399
"342",-1.01348234980972,-0.0612289229803852
"343",-1.69470207755113,0.424821343295011
"344",-1.48673261092718,-1.08156748420685
"345",-0.764521717820968,-1.38581937267274
"346",-0.853368889547089,-1.60506280963763
"347",1.58477566404081,0.257923741692923
"348",1.49323558043025,-0.374482042878109
"349",0.677587299767548,0.0972054370274271
"350",1.38284130116859,0.932644881090274
"351",-0.479268236347634,1.67727425060704
"352",-0.513126197144103,0.747305734301175
"353",-0.76798738010121,0.412407213117044
"354",-0.0333384484272531,0.667789684973053
"355",-0.460172555377956,0.227053948496553
"356",-0.928969196599043,-0.0850187731567173
"357",1.28919692572767,1.32494094207868
"358",0.909460783459294,-0.741285671717023
"359",-1.13308295512471,0.417492806740159
"360",-0.792609929463693,-1.11600624110773
"361",0.945405026516804,-0.700377340593995
"362",-0.986381266060637,-0.372147060168018
"363",-0.0130383547578545,0.804174690970017
"364",1.22979601310479,1.49739614349406
"365",1.59921873273729,1.15673737516284
"366",-1.46305280340471,-0.376625235794401
"367",-0.834370978910256,-1.7525654265013
"368",-0.74595686411053,-1.30796335286558
"369",-0.470671402952208,-0.952264564736424
"370",-0.485630947660486,1.03358932664374
"371",0.863166641951953,-0.446796310737453
"372",-1.28841776892429,-0.442633753752505
"373",-1.07014167650184,-1.13723141195666
"374",-0.306384680446312,1.07966237936629
"375",-1.75459287161238,-1.72180842448597
"376",0.587797372263384,1.11211574161837
"377",1.13631519629916,1.25967435492839
"378",1.58941143261957,-0.249133995245432
"379",1.67837596252432,0.0512068248959852
"380",-0.695315283408506,0.36385864045742
"381",-0.818688110505896,0.674590715058269
"382",1.43741877707204,0.486812356941434
"383",-1.48784404059603,-1.07938549611542
"384",-0.0682369320550706,-1.02162791599471
"385",-1.06887204777862,0.319806456679372
"386",1.50106565514127,-0.0572401513171435
"387",-0.877333437821888,1.21256823851114
"388",-0.339505267196643,0.595218835783089
"389",1.05414772513089,-0.940822216728708
"390",0.288869794464456,-0.808599492614253
"391",-1.18977405395696,1.45528536990617
"392",-1.79314343287854,-1.11403132573307
"393",1.65179144989357,-1.66638364672477
"394",1.42024121198071,-0.494726355683117
"395",-1.35806757522225,1.55728768749926
"396",0.894007421870016,1.10380179795374
"397",-1.57978990523606,1.07263931868796
"398",1.24785665626628,1.67303297174929
"399",1.51580547998835,0.792836346421705
"400",0.359499136531325,-0.17501961422965
"401",-0.38837746387551,-0.256398367431524
"402",-0.639931939539672,0.369865351551689
"403",-1.30890867826858,-1.34144605182934
"404",0.988860311889708,-1.37959012663089
"405",1.40189135560033,0.242462579361915
"406",1.57536003967028,-0.335992134836049
"407",0.0417122707825114,-0.407046258312809
"408",-1.62543907279069,-1.54884700183339
"409",-1.02282418135148,1.61863868350998
"410",-1.61739141155633,-0.791316365314361
"411",0.333461073227268,-1.4367937093909
"412",0.743151252462602,0.118008120943878
"413",1.43164878195313,0.194513159344508
"414",-0.755060999017135,-0.387863256378429
"415",-1.39611580183378,0.423161890179152
"416",-0.369397870264448,-1.6675575497679
"417",0.524600685053879,-0.974259422264205
"418",1.33697395431457,1.47861807843034
"419",0.741972105304537,0.313677034341123
"420",1.20203039461338,0.858995175112183
"421",0.00738802152620995,-1.26282130001429
"422",-1.02445460899495,0.527427615541629
"423",0.285726738453673,-0.255458737858774
"424",-1.65859326248186,-1.063338245233
"425",-1.53650513275351,0.592568544740564
"426",-0.13335466458803,0.981384369929705
"427",0.843795379972656,-0.630640386305295
"428",1.60309365809384,-0.669636641673184
"429",-0.912175741366458,-0.0698667375408491
"430",-1.02387121980003,1.19466588345983
"431",-1.49147121016209,0.191805554475195
"432",1.20119252658015,-0.504458914197534
"433",1.67833535613538,-1.71407454168183
"434",1.63589571749702,1.15682489458238
"435",-1.7040646603539,0.42671914811115
"436",0.177052442751726,-0.308311199743633
"437",-1.25631711772108,0.451185918950295
"438",-1.03492130646261,0.876755278458803
"439",-0.273497812254556,0.729699865171708
"440",-1.68417485379578,-1.54377867088829
"441",-0.681930469172053,-0.695205226435201
"442",-0.162917102056999,0.898755931150456
"443",0.586109037861215,-0.445379396446489
"444",0.666259268370125,1.52083061617653
"445",-0.432674319877249,-1.2246400429894
"446",0.0512838510051046,1.63007296102741
"447",0.78354832176889,-1.13015510585636
"448",0.93751311370388,-0.478337594598502
"449",-0.454173656058619,-0.920942436811749
"450",-0.485331600676827,0.998054288981539
"451",-1.48153886053506,-0.972045298769177
"452",0.951655999135143,0.207437701159331
"453",0.482383041454483,0.102242732978675
"454",1.33293879905129,-0.10386759604139
"455",0.635129281792235,-0.68109627528412
"456",1.28601176376033,-1.05875478806714
"457",-0.66493606613959,-0.997835782304384
"458",-0.798899122608882,-1.53926272353334
"459",1.28608138256026,-0.807765017673609
"460",-1.7029537062177,-0.358017302757507
"461",-0.236576262692405,1.37439766800704
"462",-1.11763605913972,-1.0814138820703
"463",1.52299438828739,-0.593995822845609
"464",0.430209034649086,0.858491449447093
"465",1.03126477095054,-1.07874897129819
"466",-1.38745933172467,-1.49047058614598
"467",0.498169267700331,-0.777442670961126
"468",1.27861711871966,0.808337679440041
"469",0.61857902461565,1.68451318154886
"470",-1.82174596997765,-1.22017144354791
"471",-0.120485759823617,1.67410432953969
"472",-1.61623642555633,1.20660841436998
"473",0.409473395705715,-1.30882817586273
"474",1.27394185715427,1.26955405476584
"475",-0.227747126677865,-1.04634080772175
"476",0.745012109290519,0.163284699706373
"477",-1.82001967905124,0.138318826724371
"478",-1.5804740261844,1.42413659008683
"479",-0.181114230468159,-0.280351621087536
"480",-1.39544368562521,-1.47769421319455
"481",-1.2757404513455,-0.692393537868278
"482",1.08269153394765,-1.41994595544396
"483",1.60270801669201,-0.265352335281912
"484",-1.40667668592184,-0.177663527153139
"485",-0.775827536924304,0.106084942180268
"486",1.21293766734262,-0.213259470530219
"487",-0.890271095588854,0.259881145487355
"488",-1.14467234336632,0.15250414254611
"489",-0.289552502098059,-0.117413867729807
"490",-0.610008318624908,0.0354966178949131
"491",1.32675890298642,-1.1724483738869
"492",-0.231727756383567,-1.01832621676552
"493",-0.240795556496248,-1.34972122815658
"494",1.030354617855,1.35249979800772
"495",0.0860316489944424,-0.969223369186476
"496",0.248384505652646,-0.787670207538092
"497",1.1422955662428,-1.58390676646396
"498",1.50688054218216,1.12706154947496
"499",-1.44502668883296,1.14858629377935
"500",-0.698962032621509,0.991736894714582
"501",0.206278260495953,-0.946191866719737
"502",1.57559994671238,-0.556860502835794
"503",0.935531496999115,1.0301302229693
"504",-0.609402080906007,1.05982459596534
"505",-1.00572544891514,-0.429718786485052
"506",1.66299232959941,1.54071383978651
"507",-0.890949587214474,0.842428135366034
"508",-1.1706335728923,-0.592758027261128
"509",1.56386153801646,-0.747354673863449
"510",1.03031886763828,-0.468558122111985
"511",-0.271360145411082,0.977632763587476
"512",-0.836459529789995,1.19302924010241
"513",-0.737288682780072,1.43196599402518
"514",0.39568558804499,0.928539554418874
"515",-1.51199141641707,-0.0771020577631704
"516",-0.233718822250053,-0.368750038762627
"517",-1.02115838637707,-1.19711474710159
"518",1.04858017491982,0.447819677905246
"519",-0.317104003814703,1.41757963890891
"520",0.359222921751464,-0.800075680176819
"521",1.33355397678402,0.402383723948779
"522",-1.08130305994151,1.35713741105362
"523",-1.04000575239545,1.02210116834871
"524",-0.349633228819258,0.611013182373734
"525",-0.854448526578717,-0.932124708214111
"526",-1.45452732368351,0.584503413218937
"527",1.52972592682346,1.10765086834115
"528",-1.06967792804227,1.39775465022763
"529",0.373266851297793,-1.09932013522491
"530",-1.14567026995055,0.871635297849629
"531",0.617758953801808,-0.339441685250814
"532",-0.344987402724938,-0.140559289625093
"533",-0.583232589396052,-0.926830609049026
"534",-0.438436799940509,-1.21611998946654
"535",-1.60999300324864,-0.00487178375460933
"536",-0.013544060775002,0.100783931066415
"537",-1.34505647799648,1.03125294795253
"538",-1.10826926951275,-0.284258293504289
"539",-0.413974414074162,0.867353190842474
"540",-0.142593023504566,1.50335701236947
"541",0.0206673929564649,0.634238369238569
"542",-1.64646102584356,-1.53862254869625
"543",0.680131559325529,1.14329988929497
"544",0.775499174085051,-0.661364279414638
"545",0.424689254152425,-0.0768801213271468
"546",0.0140805270305011,1.02941250199483
"547",-0.0710514023832553,0.69217548481321
"548",1.1404345052638,1.32953653813964
"549",-1.39402836025693,0.58956836842786
"550",1.44584232145029,-1.1355994125904
"551",-0.710309121399846,-1.63544606124623
"552",0.419730593164732,-0.709883958949399
"553",-0.680128833376696,-0.371728061141457
"554",1.00020269863399,-1.02777844016375
"555",0.681216567416455,0.0322362953824896
"556",-1.1919396050512,0.242269107840709
"557",-1.4765749080168,1.3183818637694
"558",-0.112546329820526,1.48698533056125
"559",-0.962826957343845,-0.914296819954135
"560",0.133026065622219,0.332135288726246
"561",-1.23505617425629,-0.640432619942431
"562",-0.984709799949422,-1.21358549280668
"563",-1.78828306203007,1.06356685291844
"564",-1.53810008976067,0.869446647530397
"565",0.0960107524997472,0.550895608964981
"566",0.2382399848353,1.01554581210993
"567",-0.213122748040208,1.71244671226157
"568",-0.492387383610346,0.236088415741748
"569",0.253175726674766,-0.510979984976155
"570",0.657178123827409,-0.635154606082427
"571",0.92601987078527,0.0517060007269949
"572",-1.52638081141533,0.142907413404451
"573",1.53838033820415,-1.65228422017687
"574",0.3922203299675,1.07051399105503
"575",1.12465956635933,0.964571503229512
"576",0.0402352417732813,-0.939454175695965
"577",1.43338176723142,-0.84721811666602
"578",0.875687665886529,1.02442235499901
"579",0.877084148683472,1.12642090303368
"580",0.114917493688858,0.815396795731718
"581",-1.71039663585985,-1.31918966030828
"582",0.317345176592448,-0.422637658723263
"583",-1.78602492882818,0.425402336720013
"584",-0.419557770006669,0.247710119076791
"585",0.532338093209209,-0.714146546783533
"586",-0.376052233130858,-0.899375826173752
"587",0.31032883991218,0.823710359492979
"588",1.62108954600657,-0.590861126353001
"589",0.196665722154235,-1.25232784827397
"590",0.905188842451843,-0.769900509175171
"591",-1.76367115312058,0.592996025273557
"592",0.978696395079404,-1.07878775664823
"593",-0.805883979847565,-1.47034346048026
"594",0.00748641005149966,-0.650199410697786
"595",0.860905075076371,0.17764096058089
"596",-0.596260953376347,-0.478020829696907
"597",-0.0156931928746576,1.30654681194321
"598",0.142611227221291,-1.02631968737693
"599",0.239019317258898,1.13312332526983
"600",1.17378229413562,-0.346164061420081
"601",1.02677909769386,-0.510267735756435
"602",1.02882641579338,1.28483802656371
"603",0.438545004770428,-1.3419405296312
"604",1.61397534470682,0.157003338946323
"605",-0.870304615130006,0.640252294403035
"606",0.0989262464600129,-0.92891497425636
"607",-0.516139796769718,-0.656616404328853
"608",1.27912855490524,-0.0985564970193657
"609",-0.783612915665587,-0.774114093568681
"610",-0.795956883216556,-0.35003140974451
"611",-0.640715049168305,1.15812112077854
"612",-0.667540630616619,0.141658213350129
"613",1.33341445386457,0.740311919632091
"614",-0.253702599799121,-0.304824076558319
"615",-1.09225055289438,-0.964325843286668
"616",-0.51422670595967,-1.06732330792587
"617",-0.142146383561924,-1.53053539342315
"618",1.28264520412424,-0.987551884115321
"619",-0.456141287184154,0.302354958499519
"620",0.106248219453185,0.328202091849376
"621",-0.96908797599937,0.117529640840068
"622",1.14254551112325,1.53291273455525
"623",-0.433044335932088,-0.115560451838387
"624",0.417017371936696,0.520673161281766
"625",-0.108023814261806,1.29335293665348
"626",-1.51990962126627,0.271072433863393
"627",1.30751707935484,0.925660260246435
"628",-0.146284422773808,1.48236522418303
"629",-0.373258172172107,0.421961506888798
"630",0.119924824623454,0.585611413671647
"631",0.938951073606446,0.0052264874265323
"632",1.59751538134197,1.51304938955272
"633",-1.41688779688806,1.3208713860931
"634",-1.76094155963134,1.54748109285982
"635",1.28806308371306,-0.38679149084691
"636",-1.80300928992287,0.518877380169979
"637",0.825599966758574,0.80053677316679
"638",0.0776181367153518,0.0738468836116659
"639",-1.7337467598752,0.803534553795759
"640",-0.679952103306875,0.498793101709067
"641",0.431165217665434,0.296525970130605
"642",0.177213921341606,-0.408690186972306
"643",-1.5250580984904,-0.496926722418704
"644",0.712542585770478,0.336226549966719
"645",0.586939151432708,-0.894169094139351
"646",-0.156464752019627,-1.21917493982102
"647",-0.835619571052869,0.896786769183048
"648",1.36867744474743,-0.878833259800517
"649",1.08798248239366,-0.487433841172568
"650",-0.60784389077158,1.68360067331027
"651",-0.513177180803316,1.30006643340029
"652",-1.74681240315566,-0.307427302158649
"653",1.58861286981956,1.39597099982337
"654",0.223841780184751,-0.134000690288813
"655",0.263878925386884,1.52924089154505
"656",-0.256143812251605,1.66219120020266
"657",-0.989709056667566,-1.26281209636396
"658",-0.609861046982905,-1.62958707524892
"659",-0.718142963477295,0.920525415918005
"660",1.68483308346599,-0.0857001061023913
"661",0.709916763344199,0.343885397761994
"662",0.815483719636841,-0.461056938308013
"663",-0.45321422958164,1.15053765268895
"664",-1.79774535501095,0.122403634837536
"665",1.32485657889148,1.38847127995737
"666",-0.215043916346245,-0.941493547735724
"667",-0.184245485070369,-0.208186419449535
"668",0.989565399728522,-1.40492056847573
"669",-0.220448641718096,-0.759318193615897
"670",0.881333873297416,0.0581773631149943
"671",0.0476063848425239,-1.42278630460869
"672",1.22154450824068,-0.588576435807457
"673",-1.65046657018062,0.391427066840043
"674",0.389230308562513,-0.354860020845949
"675",-0.200517868842006,-1.00539428157266
"676",-0.00735144585149506,-1.09032402020718
"677",0.183315259412601,-1.32813786902012
"678",1.38034755875589,-0.568407348013535
"679",1.44286960697413,0.230830949413882
"680",0.647792570337956,0.950158049704282
"681",-1.37122864068811,-1.21949430673318
"682",1.0956494912196,0.32278507920727
"683",0.455304132284829,-1.67817603392903
"684",0.384934007165212,1.65934912509764
"685",0.582096395789407,0.285288578352151
"686",0.495353280586968,-0.918680990784748
"687",1.10693542403942,0.941040724224622
"688",0.469737296784034,-0.00832319029207666
"689",0.125296762019048,0.577133448365608
"690",-0.545016771140431,-0.0108518041810397
"691",-0.0961809179244092,1.61358486994982
"692",-0.882519559194498,-0.41567198228485
"693",-1.29713334774187,1.33075089188508
"694",0.0364879821755047,-1.39615682823029
"695",-1.26240330187831,0.435180655577554
"696",0.519476553461693,-1.57371130060877
"697",0.036002803591069,-0.646275618066777
"698",1.65046072752301,1.50309422158381
"699",-0.127761488906288,-0.23376808385874
"700",-0.202018083347487,0.0703588204930198
"701",-0.512918201622388,-0.671234683900939
"702",-0.10002046283187,1.70693110814554
"703",-1.6117879660091,0.685090654631103
"704",-0.138000061883081,0.967785134471808
"705",1.33410015554903,-0.182156728612712
"706",-0.486044023196836,0.384580952705195
"707",0.18951653149,-1.4266618634309
"708",0.42804607110837,0.823148295735773
"709",0.155437356184016,-1.51108201246085
"710",-0.637389362383414,-0.89471505621633
"711",-1.32350961888575,-0.58765268275669
"712",-1.14136743571849,1.49933915107963
"713",-0.721429634447973,0.0639062322089365
"714",0.625564045831108,-0.292350863219131
"715",-1.26352080196742,1.36910460702616
"716",-1.80527919255787,1.14132988237007
"717",0.130146742479102,1.21075060394939
"718",1.11181118984751,0.798152087797379
"719",-0.933558747503586,0.661337340678632
"720",1.26320471442962,0.704347722165759
"721",-0.20158503052051,-1.71236766041431
"722",1.23981897711816,-0.0608264448377666
"723",0.930486166906318,1.24315333425266
"724",1.42065160895642,-0.555812183237102
"725",-1.68370632623307,0.198334405085277
"726",1.46013071413344,-1.39810260403415
"727",1.29878712797284,-0.864769128240472
"728",1.66972356395856,1.7078073151436
"729",1.65068915783056,1.42830201599721
"730",0.143820301780756,1.33255576202118
"731",0.0159943335991765,0.131944265188177
"732",-1.4065242129365,0.0272499163075758
"733",-0.403653958474359,0.459074483831813
"734",-1.24781671086882,-0.403071166445826
"735",0.767116617341745,-0.0402879108440249
"736",1.58967050034796,1.6552834148149
"737",0.64016875381471,0.820833840088886
"738",0.714953614197906,-1.78342027819647
"739",0.842103310179529,1.19457189176418
"740",1.46464036735385,0.945933334305856
"741",0.709070485762006,0.285198665705154
"742",1.41940941026831,-1.78514556512714
"743",1.41109725777369,0.554455888111259
"744",0.557437812530384,0.167378228085691
"745",1.57759003773694,0.689514013640333
"746",0.560473588375195,0.300663015458165
"747",-0.141834600579569,0.991549874181808
"748",-1.06352493154762,-1.77997680296056
"749",0.834969795695085,1.10638030609122
"750",0.7503209730192,1.1534520109597
"751",-0.307229842986427,-0.448121443158599
"752",-0.984514832382566,0.612668355845409
"753",0.212525009892425,-0.825624530432657
"754",-1.37422334690959,-1.68083823707089
"755",0.662333007624179,-1.69553141901317
"756",-0.773968383815091,-1.67792150931664
"757",0.373086262034547,-1.74128141550335
"758",-0.391630296598681,-0.380166363389668
"759",-0.881874818088811,1.28001839804814
"760",-1.6804367391828,0.768798514322229
"761",0.64826849817257,-0.539880635855291
"762",-0.387409689340862,-1.68912846788783
"763",1.19121749379831,-1.04084219609384
"764",0.632362509848556,0.072447033040708
"765",1.45467301114478,0.386841906659086
"766",0.817651107270976,0.108436187047009
"767",-1.71154159304022,0.326323082424843
"768",1.4896973633459,1.2824719892096
"769",-1.22014667116064,-1.74443504903257
"770",1.64907149659899,-1.75640040443879
"771",-1.74114664889317,-0.159814867840297
"772",0.472721433062528,1.60101999264186
"773",1.23318275582237,-1.26266242344349
"774",-0.0484435036669593,0.89148137034905
"775",1.20758435606901,-1.27917119387313
"776",-0.948521855427209,0.973051429459184
"777",-0.519461573528384,-0.508184589678657
"778",0.464158195228982,-1.45029833499141
"779",1.02785656941216,0.30999094413589
"780",0.747172969009199,-0.532958928319124
"781",-0.286770102347737,0.259413190508091
"782",-0.301540312911302,0.716103062241624
"783",0.840528355059517,-0.539958276149753
"784",0.178235039981159,1.56221205389948
"785",-1.18027980026266,-1.10098535648565
"786",-0.770949420509129,0.887590591648182
"787",0.331110872804803,1.72983846818061
"788",0.237718710863034,1.65781472732779
"789",0.687515708212764,0.837265853663145
"790",1.58846541370369,-0.106227008830532
"791",-0.402795128469958,-1.10211086851859
"792",-1.09416412661603,0.950244460526489
"793",1.57796507886008,1.15143836918551
"794",-0.0957871990265905,-0.649798543869451
"795",0.797773098841887,1.50422443410216
"796",1.32791217870864,0.145299598590342
"797",-0.138650920962284,-1.54208779960019
"798",1.33356720315078,1.01208599611667
"799",0.795137807576674,1.64046213502465
"800",-0.0845574520292049,-1.26108676685792
"801",1.60532159989172,0.278758850853046
"802",0.0792389061267114,-0.442016603188252
"803",-1.71034323026366,1.47581799001624
"804",1.39365121596657,-0.0132109533303451
"805",0.731460618400387,0.670783146657488
"806",0.666492334301131,1.28350757631418
"807",1.50288423383701,-0.18373858237197
"808",-0.200361705559322,-0.357165555313758
"809",-1.74817987600126,1.03278281471972
"810",1.27382127355245,-0.714445710041606
"811",0.464422735682268,-0.335491971583786
"812",-1.72997157913188,1.23511170761439
"813",-1.34642566275962,-0.0288961268282669
"814",-1.20828007198026,0.791330551936646
"815",0.165085064264664,-1.15879043271488
"816",1.16484155142787,1.30925128097223
"817",0.399050313600844,-1.17475993031434
"818",-0.2272859616724,-0.677169250199458
"819",-0.0613154231444003,1.32988503234124
"820",0.9867135779504,-1.28429554582731
"821",-0.394488416724769,0.610283959497309
"822",-1.10675808988025,-1.03100652001537
"823",-1.07026503787024,-0.0185837702744447
"824",-0.887665999827068,-0.356492302683459
"825",-0.689623512590735,0.592569784339052
"826",-1.79411557165508,-0.405855495420231
"827",0.531987323928459,-0.179146456204265
"828",-0.409169872398639,-1.33969179808565
"829",-0.985945392833111,1.66643727288415
"830",0.825820000635302,1.52054239806547
"831",-1.07975332280989,-0.552859961536974
"832",1.34531314985909,0.490774766258497
"833",-1.56859542308413,-0.134015356687568
"834",-0.265940379269447,-0.214717350521808
"835",-0.808089990571533,-1.78008905294306
"836",-0.887555564747926,0.0436589670157893
"837",0.686718488382552,-1.48738569056356
"838",1.51714445367027,-1.49665488732693
"839",-1.69080690844169,-0.418307783780187
"840",-1.07541615676023,-0.708944243407138
"841",0.166832018724508,0.149432045777143
"842",-0.920627430718552,1.1269718046732
"843",-1.18525437519647,0.704486723404133
"844",0.152074070344257,0.907051135098975
"845",-1.79794889446377,1.5420865231729
"846",1.30771015708935,-0.0155873160322338
"847",-1.608072552341,-1.46178556563447
"848",-1.26546077758979,1.27500800646038
"849",0.0935358149437311,0.566764148882036
"850",-1.33242881340535,-0.992590868344033
"851",0.498902612017196,1.03657617768208
"852",0.81589121914292,0.632222827947548
"853",-1.50679263439758,-1.45003616809878
"854",1.41962021307243,1.17838004671255
"855",0.0123501104484073,0.589776215688995
"856",-0.649224646918866,1.30545275165157
"857",0.112649603048905,-0.454427569688177
"858",0.570433881284634,0.320257776148678
"859",1.2192773718939,-0.349557525325188
"860",-1.6955825303531,0.899761605777387
"861",0.553441888710779,-1.40495341783566
"862",1.44273281918731,0.437065169507133
"863",-1.13757200548309,-0.656503403545951
"864",1.61957297317791,-0.26441948911304
"865",-1.01956349414074,1.04371763147861
"866",0.687207095721375,-0.70931359954366
"867",1.64782878548345,-0.739768824827745
"868",-0.227499333992601,-0.711944720203756
"869",-1.38905506844139,1.00622839136285
"870",-1.51294335735422,1.54061968270189
"871",0.749830539798975,-0.501040150693169
"872",-1.45665316944119,1.27287985738994
"873",1.54880765090984,0.888630883331962
"874",1.04438712641887,0.351806092315813
"875",0.250250885218381,1.28134606697927
"876",-0.327663544932962,1.31200640896904
"877",-1.35597299327669,1.72019130113561
"878",0.474850758407402,-0.557712212616711
"879",0.751392334962824,1.45101198020754
"880",1.09695434379408,-0.274303147641828
"881",0.116757983781302,-0.417970269932171
"882",0.870543460257416,-0.264885898278603
"883",1.02939835776956,-0.303791980634686
"884",0.525339518493324,-0.541208911485548
"885",0.789082333809944,0.554460413382622
"886",0.300968290421425,0.538925692262079
"887",1.3733226633078,1.53515483498577
"888",-0.645316560538894,-1.29131853445499
"889",-0.947147002806797,-1.29934837262627
"890",-1.07074865621565,-1.19157686460058
"891",-0.313678620789734,-0.934267819254676
"892",0.80963295283758,0.749987182332381
"893",1.3948268859971,-0.58379722851894
"894",0.159735089918457,0.593944464674397
"895",1.65722478019412,-0.39480957575776
"896",0.402033306961208,0.343455280830631
"897",-0.501168852395967,0.541872230968082
"898",1.5127851376377,-0.574729880801039
"899",0.940809576547743,-1.62976398085453
"900",1.06040308494787,0.642502679838244
"901",-0.172111579148492,-0.381179263549397
"902",-0.490992332330657,-1.19070724614217
"903",1.66901251310428,-0.164059842568306
"904",-1.2747883447918,1.55573047587718
"905",-1.10625145001536,0.917148330433079
"906",1.34964703227382,-0.0732859849307535
"907",0.560640994725531,1.6654765070928
"908",-1.54766659982135,0.609795760744852
"909",1.6275237561131,0.117845500196137
"910",0.455734415544057,-1.19989239010423
"911",0.738177959007296,-0.659046973673738
"912",-0.224693084640084,0.036218295104454
"913",-0.94013923637273,0.209895686590984
"914",-1.479738521796,-0.931769422421062
"915",-0.962993820931052,-0.771667121240901
"916",0.631004236919971,0.00776127228894559
"917",1.52099010097346,0.0870256012482862
"918",0.270541578099208,0.738663444413541
"919",0.209429746552794,-0.63396920850616
"920",0.785672631064186,-0.417650459253577
"921",1.28642273711441,0.458641415280537
"922",0.671898326393578,0.395399862092917
"923",0.614061797307958,-0.0871051582382064
"924",0.405380556692152,-0.391553500957988
"925",1.20701862389334,0.0180381545470691
"926",0.853089432781298,0.200659102566699
"927",0.64808956671453,0.72256153739039
"928",-0.954133722821655,-1.63531400143189
"929",-0.522115950870447,0.335083001530156
"930",-1.01553322128597,0.817841432145043
"931",1.41240561699153,0.150873111769689
"932",1.07766275321097,0.798714571577059
"933",-0.234846748802463,1.23961021462099
"934",1.2113554185356,0.427011244675332
"935",0.543233102115357,-1.76447135159322
"936",-0.998714600537562,1.25221520530327
"937",0.952781697243168,0.0104454828071373
"938",-1.16015732869674,-0.843881696397805
"939",-1.4036917428776,0.94292775747028
"940",0.79701437173997,1.42806996299651
"941",0.503384485112085,-1.68521831493398
"942",0.319963618424035,-0.346575286346483
"943",-1.27494254773213,1.0824088547364
"944",-0.21727201064253,-0.181240273145382
"945",-0.939206039620848,1.19610605946324
"946",0.260477465753655,1.40446346941422
"947",1.12760217961871,1.52206126237263
"948",0.870859145067158,0.61329340987347
"949",-1.80939248111517,-1.54825113158901
"950",-0.842221209646587,-1.64103771153635
"951",0.850965453899207,1.33332033883599
"952",0.130183182218162,1.60193546478172
"953",-0.702410868424876,-1.33870301687722
"954",0.686617298314042,0.180016679739573
"955",0.123803259902893,-1.64342656601772
"956",1.63339242507688,-0.0619748493236236
"957",-0.555790026470469,-0.0935556365848371
"958",0.161281802498443,1.42020905246012
"959",1.07688742100083,1.21038951152987
"960",0.439791002800442,0.444362248589393
"961",-1.36293468305657,-1.04063157652063
"962",1.37689250413329,-1.16031522891837
"963",1.25672418498328,1.06470704445025
"964",-0.293939384266458,0.415218289253538
"965",1.5560427317895,1.31050139394089
"966",1.39725678651168,-0.995949363945426
"967",-1.32823883209,-0.226574447387159
"968",0.660333163260986,1.51330971178525
"969",1.61598895819989,0.748041004518707
"970",1.53916106934965,1.53181476224143
"971",1.1226673124811,-0.428520918416994
"972",-0.61530284668394,-1.46470193231677
"973",-1.79778248345247,-0.243249512328358
"974",1.26905324048624,-1.58363028933198
"975",-1.57633953706972,-1.62782900609641
"976",-1.26855297702336,0.757135069923437
"977",0.0502772935032652,-0.866543642951252
"978",1.20463935120836,-1.44130168778146
"979",-0.15647149064524,0.187373197323705
"980",-0.0593161723771376,0.401750627268178
"981",-1.4133587100306,1.59421423668975
"982",-1.62639207301782,1.05521055739715
"983",-1.61652043415236,1.0322797964609
"984",0.330766473201921,-0.343177487121697
"985",0.212229945162273,0.43193269384345
"986",0.320182087962321,-0.584512019161187
"987",0.865554868588787,1.17209983303142
"988",-0.723627351226609,-1.19967320714887
"989",0.595638881074997,0.557196958864717
"990",0.22356383872944,-0.206151274653496
"991",-0.0893202222607937,0.731910923239565
"992",-1.65688347581796,1.32474903274632
"993",-0.462874010452426,-0.913684849667052
"994",-1.35782040974815,-1.37433482264094
"995",0.374649200936408,-1.28326844104792
"996",1.10021564427797,0.508017202141445
"997",0.217532740930356,1.1061353216384
"998",0.970859434163675,-0.439708704968243
"999",0.362068442721965,-0.0343286557391611
"1000",0.466823567213879,1.11579244313413
"1001",0.964064161134291,0.065002700465674
"1002",-0.814209780949139,1.42104455657864
"1003",-0.141139066847612,0.447754156855708
"1004",1.13088301465592,-1.43244589629507
"1005",0.144392200303096,-1.69910839098242
"1006",0.534412004242381,-1.36749855651839
"1007",1.04879977179844,-0.825418108627907
"1008",-1.51550105316924,-1.76386357661832
"1009",0.0883122855491976,-1.49766728886349
"1010",0.151599461702805,-0.111919160755258
"1011",-0.78902762312368,-0.54356759639949
"1012",0.64837969738349,1.37156057995247
"1013",-0.810445037327614,-0.0746957318206836
"1014",-0.907660466202285,-1.74158655732692
"1015",1.25103543379784,1.71696162061356
"1016",0.871768641435709,-1.19188760426752
"1017",-1.1059667158221,-0.614369080861823
"1018",1.30077541935227,-0.897420100831699
"1019",-0.600822339629834,1.32838457124096
"1020",1.25668382947881,1.12689752619603
"1021",-0.16208193718092,-1.31529883166322
"1022",-1.77402222974355,-0.373948728963246
"1023",-1.37605161745268,0.975611449239033
"1024",-1.51169653042161,-1.29068533706725
"1025",-1.07686225892961,0.8460346161656
"1026",0.657513868736049,1.11324139365879
"1027",0.125202345011275,1.04449577673869
"1028",-0.775726631355501,-0.695930692853331
"1029",0.144141706100447,-1.12656027761008
"1030",0.346857294508147,-0.563317630310114
"1031",1.59504626168197,-1.76350257098707
"1032",0.994632182083049,-0.827851046637536
"1033",-1.30288523408552,0.302269156013954
"1034",-0.199747722397404,0.374244351111462
"1035",0.148338950767096,-0.511778524660764
"1036",-0.812406543100678,0.715559116763771
"1037",0.500003115913462,1.63680563716297
"1038",0.695601569476881,0.278542684199415
"1039",-0.367545841946154,-0.8705536638216
"1040",0.584790431734644,-0.0416777856765565
"1041",-0.0475054974762372,0.164428440550889
"1042",-1.18570896145368,0.159784452660976
"1043",0.146108969098119,-0.220545883661684
"1044",0.487624997739226,0.444047223546969
"1045",-0.268332190438607,-1.67120663132633
"1046",0.739533426293244,-0.139912107863389
"1047",0.26190177786915,1.63083885849767
"1048",-0.668570068617907,0.989544549343848
"1049",-0.959225231234245,1.43745701167953
"1050",-0.812444967778613,1.4610891913145
"1051",-1.31481171348509,1.09491139186677
"1052",0.951797643094191,0.752242074207536
"1053",-0.488242763190553,1.6038651667431
"1054",-0.213204613445658,-0.401618248941976
"1055",1.02844906505734,-1.19322811704375
"1056",-1.20708955467255,0.786487833647659
"1057",-1.56938190079575,-1.73486538882461
"1058",-0.986290641835693,0.490037680037368
"1059",-1.61834774215177,-0.762723867647985
"1060",1.13404744094005,-0.851476209522809
"1061",-1.36856554142133,-1.27825049724321
"1062",-1.75831570522959,-0.811156754819659
"1063",-0.223459086430541,-1.24904804588887
"1064",-1.20419593357444,1.04250562019768
"1065",0.47488021847499,1.47755133269957
"1066",-0.553410052784775,0.594032413122734
"1067",-0.101334869513207,0.220093029856563
"1068",0.54753709238369,1.5266059677575
"1069",1.10043674072421,0.970839831011537
"1070",-1.59638347523827,-1.59922805721762
"1071",1.65198541720209,0.63713874313536
"1072",0.0261270784243494,0.697696109548748
"1073",-1.51970064270378,0.588198725905921
"1074",-0.232410195750072,0.720243647875565
"1075",1.30289155932458,-0.812217641523496
"1076",0.979539252106048,0.590682128837877
"1077",-0.0486673549230346,-1.24602101433812
"1078",-1.0672676645665,0.612850554716692
"1079",1.29252789830394,0.263460930706538
"1080",0.852620080415403,0.159519736158244
"1081",1.20776372534505,-0.484717767078183
"1082",-1.81182578988705,-0.333803357609443
"1083",-0.409056316841448,0.584193599566458
"1084",-1.06671295736936,-1.75195214865887
"1085",0.727053195681134,-0.882869764193118
"1086",1.5879818297934,-1.62705422265363
"1087",1.42353003022727,0.911002092458276
"1088",-1.12304406978627,-1.25909955948055
"1089",0.750934408498685,-1.67903053730971
"1090",0.0224261586634885,-0.687494897639842
"1091",-0.985104264121688,0.795125739908936
"1092",1.34625064690192,1.31659076513037
"1093",1.37067155894219,-0.605893580833886
"1094",-1.34737804561419,1.53424841093236
"1095",-1.15266832567994,-0.653545050172719
"1096",0.415100489983586,1.58365774473438
"1097",1.13027522817637,0.831093860860047
"1098",-1.36431956531649,-1.58984433268907
"1099",1.18465434301359,-0.589241455014773
"1100",-1.10843987259033,-1.2676107442248
"1101",0.402473864185341,0.713909245564097
"1102",1.58516205235686,0.731350717242576
"1103",-0.460051442131156,0.35432545261025
"1104",0.758723310281001,-1.31097387417623
"1105",-0.328580702296492,-0.958070950492484
"1106",1.47647566500744,-1.70673771684726
"1107",1.29850044163606,-0.867820323774167
"1108",-1.09990073360368,-1.08685044417945
"1109",0.0729990486741368,0.862156321557996
"1110",-0.411248869991405,-1.40354169119068
"1111",-1.38534607364419,-0.429913676912587
"1112",-0.923452306193063,0.898457968190523
"1113",-0.352653683493999,-0.130904946991491
"1114",-1.40802394862979,-1.03863201082122
"1115",-0.125186422211504,-1.64341196184451
"1116",-1.38516723565292,-0.347023330786757
"1117",1.62850733144989,-0.764829314217187
"1118",-1.76252215063315,-1.01551742987431
"1119",0.598634593293997,0.61318572773771
"1120",1.05921054416674,-0.614717228729101
"1121",0.0669273305480861,-1.5220955019671
"1122",-0.51328037302826,-0.145759462595103
"1123",0.104532723937829,1.322005043942
"1124",0.0102580668633381,0.439377228651526
"1125",-0.548499181188699,-0.167887874169227
"1126",-1.04280702341305,0.927485889972804
"1127",1.17295906020977,-0.410445429774757
"1128",-0.913481270345139,-1.72076223038112
"1129",-0.995424485234701,-0.00402012555540009
"1130",-1.09089108375521,-0.669783621701035
"1131",1.39755861364408,0.702954629617205
"1132",-1.51164893862201,-0.978375646594705
"1133",-0.00124956091795189,0.706598006893826
"1134",-1.62714176827891,-0.34651826399728
"1135",1.42000585037484,-0.773215799774839
"1136",-0.950624534545974,-0.251037377436009
"1137",0.715370492355693,-1.17240597617983
"1138",-0.881470733399092,-0.72069402575874
"1139",1.09842429310601,-1.12416621255753
"1140",-0.339854369653462,1.24422722855305
"1141",-0.656423864437825,1.19592783483968
"1142",-0.892040931368028,-0.0694976466816796
"1143",-1.57985203357686,-0.991442510527339
"1144",0.623100132433748,-0.34794231130147
"1145",0.790367585420498,1.29327022088278
"1146",-0.864574887787998,0.0124817280129303
"1147",0.884632881060843,-1.01720214738287
"1148",-1.17410312142213,-0.780032408354395
"1149",-0.159184914384595,-0.580538958630961
"1150",0.833168173837754,1.08612942362851
"1151",1.39361283064306,-0.521418244289745
"1152",1.18308452774562,-0.385504167817161
"1153",-1.48998946026148,-0.762471019850459
"1154",1.39099153561557,-1.63356207623384
"1155",-0.333728724485067,-1.43168653496399
"1156",0.322590208261627,-1.52043918714781
"1157",0.58678582084883,0.0172131935657574
"1158",0.858025017317296,0.699471555186529
"1159",-0.959663468186997,-1.69600602639515
"1160",0.977310551915575,-1.24759628856406
"1161",-1.08865509315727,1.22363363231498
"1162",-0.995804532568815,0.711695513435038
"1163",-1.0818508423994,1.23037809446127
"1164",0.810020081508769,-0.634282442107702
"1165",-1.15090099874543,1.71008118335571
"1166",0.665094602821037,0.0995139091962752
"1167",-1.45709628552292,0.264405734825154
"1168",-0.307016232080018,-0.7810339114131
"1169",-0.987589996268872,1.48185820383873
"1170",0.122826456806955,1.561545436478
"1171",0.76364837242728,0.229145594093421
"1172",-0.986499536770024,-0.79596254010491
"1173",0.035972071883583,-0.48987215841738
"1174",0.149697848447198,-1.13367421379394
"1175",-1.41188021178946,1.43256008674755
"1176",-0.438958140323371,1.66815419047814
"1177",-1.34949478000231,1.70526318252958
"1178",0.0618281496621449,-1.28243255293224
"1179",1.18957646095685,0.0565990005366828
"1180",-0.137984482449587,0.281871759396271
"1181",0.862784351415542,0.77468211134395
"1182",1.14944851607463,-0.586542075380872
"1183",0.0965553907029515,-0.781317911286761
"1184",-1.27216072763971,-0.723489341636784
"1185",1.57601677157772,-0.195291194057076
"1186",0.692426311706813,1.17307997471328
"1187",0.988587934166408,-1.65271921117018
"1188",-0.444397784549683,-1.08989086814266
"1189",-1.40985760580998,-1.00724052842553
"1190",0.607435218666483,-0.498481492506639
"1191",-0.570720096353252,1.63619877755869
"1192",-1.76835053214282,0.602433389046329
"1193",-1.13181328540731,-1.39575989798685
"1194",-0.334702408742726,-0.409592376413181
"1195",-1.65008551438933,1.72704559711174
"1196",-0.605119283816098,-0.952845432072807
"1197",-1.06373689694708,-0.735181557984363
"1198",-0.00483692922104047,-0.479595309728305
"1199",1.44496701915885,0.938266122086436
"1200",-0.976554654397999,0.824926107582029
"1201",-0.642653546540037,0.365197835853222
"1202",0.689723554656742,0.117857878987114
"1203",0.795330564736588,-1.67766995188055
"1204",0.281089546556496,-0.0261815829911966
"1205",-0.242138692728635,0.0346208104503919
"1206",-1.24966832678552,1.66527988908745
"1207",0.625807081550099,-1.12649593638976
"1208",0.596305095759394,0.867368779980657
"1209",0.250320362178399,0.0987068978303214
"1210",1.08700499141514,-0.595674569976243
"1211",1.65161667852634,-0.77763029737427
"1212",-1.3148874166433,0.687875262801733
"1213",0.504723608012878,0.497157910827023
"1214",-1.37691805106019,-0.977792804415816
"1215",-0.826561868630058,-1.17064074208257
"1216",-1.60856210664571,-1.47007793832039
"1217",0.0103503857882617,-0.965733220693095
"1218",-1.002475539078,0.792640867307703
"1219",-0.133551776971117,-1.42476901373368
"1220",0.0753803300746204,-1.72087160570689
"1221",0.376770244634209,-0.474059488039308
"1222",1.66779857171411,1.2362023012878
"1223",-0.246497855442926,0.114308531887739
"1224",-0.952433959238195,1.0665960566322
"1225",-0.773743055128263,-1.61632551084043
"1226",-1.66044836618458,0.580286419520205
"1227",0.659099201946219,0.117269573241045
"1228",-0.155337433821056,0.0635226763652975
"1229",0.757144659944342,-0.236271263872254
"1230",-1.68614710168744,0.541595992913221
"1231",-0.983939262420209,0.423757082492516
"1232",-1.04386338230154,-0.915554552277838
"1233",0.947335749749581,-0.37003477861323
"1234",1.32260840317932,-1.67866011760751
"1235",0.682406697738983,0.395200531544776
"1236",0.886197805721464,-1.77215840721353
"1237",-1.58190726601547,-1.46061532653007
"1238",0.0552886213717787,-1.67688385239371
"1239",0.423728869231191,1.55284612587867
"1240",-0.103195741918918,0.892682560934061
"1241",-0.154716495584182,1.09832825421678
"1242",-0.245762347452499,1.68701005058144
"1243",-1.80278551327623,0.374708139435042
"1244",1.41379550546242,-1.04896855919573
"1245",-1.26820330556712,0.223289581003709
"1246",1.31733359086795,-1.58279646284708
"1247",1.54828933999792,0.132440204471747
"1248",1.23826284653204,0.819055445287464
"1249",0.93468602782243,-0.586336932474956
"1250",1.18209927902583,0.627671687130642
"1251",-0.118432518882952,0.210647358972655
"1252",-1.5139102808494,0.0566555750256663
"1253",-1.32217787575976,0.119842195332603
"1254",-0.775454078996935,-1.29470111543863
"1255",-0.755951833188802,1.26754843108148
"1256",-1.18625094241322,0.797939563794788
"1257",1.17583654107381,1.65193213983376
"1258",-1.37574410770511,1.01094184834979
"1259",0.544118687390423,-0.540114721011502
"1260",0.116473197935358,-1.56737287901793
"1261",1.2348837262749,1.19575223105811
"1262",1.42367110272725,-0.867510790136671
"1263",-0.924122135745488,-1.20018576966104
"1264",1.43009714351079,0.947907030550956
"1265",1.03314723253858,0.0356396793505285
"1266",1.32883091598841,0.674926024811749
"1267",-1.53129895702119,-0.247714460112487
"1268",-0.597640649870727,-0.895438276783301
"1269",-0.225401241304263,-0.970052067794668
"1270",-1.16143301964137,0.853954948828711
"1271",-1.34752444325997,-0.430538543445236
"1272",-0.687198904426596,1.6573186332991
"1273",-1.80792431177115,-0.771400144968139
"1274",0.660528935133929,1.25381619178212
"1275",0.138007676799491,-0.144132535430059
"1276",-0.818333783748991,0.751038739297268
"1277",0.958199445650573,-0.0403684757394126
"1278",0.573320444002416,-1.37427698726578
"1279",-1.18674732635065,1.17864381427562
"1280",-1.29006942664096,-1.52304312097317
"1281",-0.456277510070985,-0.823767294219872
"1282",-0.961358860969491,-0.525221385670037
"1283",-0.713077424886615,-0.0130230190644713
"1284",-1.73393301863548,1.19209829836292
"1285",0.567335221985971,0.759396468462519
"1286",0.936814965362228,1.42335573064644
"1287",0.222759626109612,1.49856965517122
"1288",0.938105455210893,-1.63473709033057
"1289",0.666562686897134,0.14229730497137
"1290",-1.51572407634259,-0.417675248767065
"1291",0.336048265184757,0.177829839692639
"1292",0.121647169448747,-0.16662240458944
"1293",-0.354846080866018,1.22688060908411
"1294",-1.41878378410048,-1.67272192912688
"1295",-0.882082093752477,-1.7620676448552
"1296",1.56646635501773,1.5714224859982
"1297",1.24323126085837,-1.0357521263248
"1298",-0.957788530673319,-0.24378809330866
"1299",0.714705613262138,1.55316771080425
"1300",-0.143414764421872,0.616629208704925
"1301",0.675452959192978,0.902895609601355
"1302",-1.27209657582549,0.57101743399621
"1303",-0.461040027778339,-0.998104385447816
"1304",0.464882616749577,-1.03379510325249
"1305",0.729460025483212,0.290876437796165
"1306",-0.0369320158723609,1.33656466610663
"1307",0.14896820754582,-0.792696590273855
"1308",-0.657187458370456,-1.3051615172235
"1309",-1.50597056634661,-1.44807332529989
"1310",-0.15961897894828,0.730389917063417
"1311",0.267916477170743,0.682978071773643
"1312",-0.261405599887646,0.098727374130576
"1313",0.505365427052418,0.435814017535509
"1314",-0.12263458692647,1.4109741681759
"1315",-0.593858375492073,1.59682801115859
"1316",0.616096968827785,-0.651348381763665
"1317",-0.587291262208554,-0.751659673323525
"1318",1.04093060256436,-0.831195553771183
"1319",0.454289710456809,-0.935293758123732
"1320",1.36698498714923,1.55885837832206
"1321",1.65554594004729,0.484141623167702
"1322",1.00618527406527,-0.955038027983263
"1323",1.06248979764795,1.61091251176169
"1324",1.32798438096267,1.10784070048635
"1325",-0.963071937007516,-0.480515873719553
"1326",-1.58214304822177,-1.76581467270684
"1327",1.15898441413086,-1.21346027043419
"1328",-1.49068222114615,-0.426196297079998
"1329",0.0758082446893195,1.33399726604886
"1330",-0.380857358563704,0.743035741626405
"1331",-0.779192326431099,0.587174059385643
"1332",0.927944266974145,1.05550259664832
"1333",0.922623450158373,0.967340733501331
"1334",0.373633355789974,-0.55529482362616
"1335",-1.21837434375435,0.714768047420379
"1336",-1.72919016830265,-0.927510044934134
"1337",-0.885342942480346,-0.868217112372602
"1338",0.345200746184134,1.55226907886366
"1339",-0.777412834059582,1.6915384602406
"1340",-0.164833425669187,-1.62125706101684
"1341",0.958120771233187,-1.70797206791996
"1342",0.791268955100027,-1.12784686539582
"1343",-1.47582485364658,0.254610519274088
"1344",0.751341020890406,-1.12069798792723
"1345",-1.09691172065587,-0.547356918794787
"1346",-0.755350099911941,-0.956163038118
"1347",-0.250894723796987,0.390488369013054
"1348",0.32827280785831,-0.157309527945138
"1349",1.39664843841167,-1.60950982909409
"1350",1.45095489841895,-1.75760053882694
"1351",0.37770135396173,1.08395340755252
"1352",-0.572467696881594,0.947025729245237
"1353",0.444579906010832,-0.848448467290757
"1354",0.648371628906224,-0.232355152003078
"1355",1.35913802365016,-0.839326085985031
"1356",1.03879992523097,0.648812159997548
"1357",-0.277058732743433,-0.627376550505479
"1358",-0.956748180017584,0.840971820838323
"1359",-1.14943821275897,-0.00860660557305658
"1360",-1.37734708809592,-0.255574917057352
"1361",1.36091239092754,1.16193416011532
"1362",-0.213836238049028,-0.854836122393014
"1363",-1.1498270025149,-1.05299714538689
"1364",-1.04674432717498,-0.363730739914659
"1365",-0.694821942880041,0.518096728693933
"1366",-0.646625720783282,0.904738777108183
"1367",0.620758608842387,-0.775554145939744
"1368",0.732334690866006,-1.48220990837225
"1369",-0.988571255433701,0.358773306380356
"1370",-1.48441653735135,-1.65922425477549
"1371",0.990415143779759,-1.68083451254413
"1372",-1.80672952286842,1.12119092566198
"1373",0.279129457542777,1.29347348474079
"1374",-0.498989715005944,0.549455594256752
"1375",-1.35036856304892,0.901747964922232
"1376",0.537424469148707,0.0639915491714471
"1377",0.379841289423899,-0.53075460452971
"1378",0.238913152954887,-0.831188505089953
"1379",1.51132270256154,-0.729631429331051
"1380",-0.428182170357804,-0.635773060108235
"1381",-1.24951750996562,1.23450597871388
"1382",0.982729376830516,0.254403517789199
"1383",1.62614821233057,-1.21048401820856
"1384",1.25279280078297,-0.983981149438864
"1385",-0.773439871088045,-0.190603979877748
"1386",1.54479383476432,0.541246483452625
"1387",-1.64597694836317,1.06121218974015
"1388",0.596805501227256,0.542719549753827
"1389",-1.73931684352746,1.3232458656533
"1390",-0.767366608300763,-1.49442959025161
"1391",0.386227216568707,1.33269077754923
"1392",0.330942413723567,-1.6341012156066
"1393",1.42692239406873,-1.1511355215045
"1394",-0.414205506544669,-0.142301792564616
"1395",-0.562458300306679,-1.16534758530708
"1396",-0.917291260078482,-1.21219284484332
"1397",1.55377745411947,1.3283678857868
"1398",-0.527242174806297,0.232993979999766
"1399",1.33520357167284,1.06378030948555
"1400",-0.125206303575718,-1.7199487860394
"1401",1.65441734364975,1.21095087524962
"1402",-1.61397964106342,-0.468989737369129
"1403",0.49336657732261,1.53554398457899
"1404",-0.349709532952348,-1.19223542135687
"1405",-0.191946700271685,1.30185437736761
"1406",-1.06145293658308,-1.1990748773577
"1407",-0.378947842447375,1.23503531919977
"1408",0.357879562510663,0.143961514248138
"1409",-1.8097753660674,1.16968847255056
"1410",0.960559292826774,0.279109529499006
"1411",1.03222591016494,0.689405450521765
"1412",1.62846664553221,-0.64087773978178
"1413",0.416408199853388,-1.64501204523411
"1414",1.05101382804293,1.40254482968215
"1415",0.700402813579437,-1.69347654052971
"1416",0.396707936510365,0.831878887774879
"1417",-0.667674870204344,0.957729831671544
"1418",-1.37647404622434,0.0595833846594024
"1419",0.465889358725291,1.26220966952675
"1420",0.69738507681976,1.33040230270764
"1421",0.556276363385759,-0.642112897330378
"1422",0.0747304687941003,1.36994604713479
"1423",1.0117116119932,0.0325083880693547
"1424",1.35806113322953,-0.665749030744144
"1425",-1.62398323614,1.48415046297637
"1426",-1.15598706394894,-0.288862886888754
"1427",-0.967870456635938,1.15183319931659
"1428",0.229852903972744,0.800497839621678
"1429",-1.65387647133827,0.0403293809144043
"1430",0.168741033071903,-0.749662473013831
"1431",-1.53019503092961,0.438942139407338
"1432",0.214585316592371,0.307630329411094
"1433",1.43922586919462,0.289567140959138
"1434",-0.126298646347839,0.280380714004451
"1435",1.11364833317396,-1.70284026118095
"1436",-1.12578819735706,1.40988075797752
"1437",0.354495283544147,-1.12652245757484
"1438",-0.837525767459366,-0.743156117759401
"1439",-1.71931785795229,1.6147819847612
"1440",0.702905700157049,-1.05450841490173
"1441",0.76610571855476,-0.747680715284772
"1442",-0.641169851874859,0.0652563203512937
"1443",0.00529780628219385,-0.314560261348629
"1444",0.321925133215823,1.19563817980964
"1445",-0.713521828186031,0.353669563365112
"1446",0.224879515410908,-0.222208638006807
"1447",1.00881343971968,1.57520618516865
"1448",0.591827119572589,0.876582983275307
"1449",0.40115614353336,-1.27688081869595
"1450",-1.40711551565063,0.221741833396772
"1451",1.00275276378973,0.418735275791066
"1452",-1.31267858551878,1.68862129445121
"1453",-0.771811601378947,-1.69581472048689
"1454",0.00502531295526707,0.475823052705809
"1455",-0.427318518616304,0.999091295811203
"1456",0.765139423090631,-1.01833809120202
"1457",0.501743668719968,1.12797639935931
"1458",0.0575064613803728,0.983355586159072
"1459",-0.00320031637357765,-0.444505264179317
"1460",-0.0428033158435198,1.44442703571898
"1461",-1.3531999910354,-1.70796900658657
"1462",0.928495961917906,-0.899557144062228
"1463",0.585744487152323,-1.58068271489804
"1464",-1.61993584492969,-0.837701864812722
"1465",1.47396583893267,-0.176180752028377
"1466",-0.612717520782163,-1.32653201994192
"1467",1.26229007083007,-1.0649812830846
"1468",-1.06872321343795,-0.309604566020701
"1469",0.975956953144991,-0.182605583622672
"1470",0.772351216808431,1.3882338935719
"1471",-0.523921205633253,0.451415112031894
"1472",-1.08566134619994,-0.195238385851477
"1473",0.312728541643802,1.28486466237481
"1474",0.459043650539007,1.43219094921922
"1475",0.0633758420033678,0.218300881570728
"1476",-0.825995956079927,0.167889496961396
"1477",0.266005836993613,0.790854683668487
"1478",-0.0686102604407858,0.197620553557605
"1479",0.21328437896342,0.457620535512576
"1480",-1.64355809086457,1.32782032549566
"1481",0.602681787732175,-0.711133122978401
"1482",0.681240221886288,0.142818510285152
"1483",1.31579816972877,1.40180618864099
"1484",-1.12710129058443,-0.792612490803387
"1485",1.27307206202285,1.540000739878
"1486",0.585760183009328,1.46788244484328
"1487",0.567918830089889,-1.54149488752579
"1488",-1.18355654653897,-1.52591928094283
"1489",1.6072618903495,1.61916584037027
"1490",-1.8098654532684,-1.47074721997799
"1491",0.395673827630611,0.914111687490882
"1492",1.6194668752845,1.4451924648601
"1493",-0.5050367341301,1.30230921913064
"1494",-1.59000963892105,-1.67680742304123
"1495",-0.220212809498878,-1.66205981748529
"1496",-1.81630946508671,1.72509574225922
"1497",0.0797350236018786,-1.0109213098087
"1498",-0.416727765338605,1.39793176216007
"1499",-0.860025276706801,0.510228741638569
"1500",-1.35946283639221,1.13308667933249
